added_at_playlist,uri,username,name,popularity,duration_ms,is_explicit,album_name,album_release_date
2021-03-30T01:20:10Z,spotify:track:41tTurAQi6EnvoijjUf0rk,Lina,Bob Ross,11,224510,False,Bob Ross,2021-03-28
2021-03-26T19:57:50Z,spotify:track:7rU6Iebxzlvqy5t857bKFq,Lina,Plastic Love,66,294493,False,Expressions,2008-05-21
2021-03-24T16:31:07Z,spotify:track:6qziCLmMT1n8IevVTWl950,Lina,I Will Wait For You,40,190760,False,Her Greatest Hits & Finest Performances,1996-01-01
2021-03-20T15:51:15Z,spotify:track:2yJ9GVCLMmzBBfQAnfzlwr,Lina,THat Part,66,313573,True,Blank Face LP,2016-07-08
2021-03-05T02:09:57Z,spotify:track:5uEYRdEIh9Bo4fpjDd4Na9,Lina,Goosebumps - Remix,92,162802,True,Goosebumps (Remix),2021-01-15
2021-03-04T01:57:05Z,spotify:track:6N42xAGv2oUIUDuJ0IIjD7,Lina,Milestone 2 (Skux Life),33,176573,False,Hunt for the Wilderpeople (Original Motion Picture Soundtrack),2016-06-24
2021-03-02T18:53:33Z,spotify:track:5zWZ9iNevP0397xB3jWV2z,Lina,Brother Louie,71,222666,False,Ready For Romance,1986
2021-02-10T22:46:53Z,spotify:track:5q1pDq0GQeh1Vy8yJP9TO4,Lina,F THE WORLD(Feat.Wonstein),39,203640,False,My Sadness,2019-11-18
2020-12-20T17:24:52Z,spotify:track:6SOw5YcoAXoKphG5iPzXEz,Lina,Photo of My Mind,56,272720,False,"Crash Landing on You (Original Television Soundtrack), Pt. 6",2020-01-25
2020-12-20T14:21:26Z,spotify:track:6H2RtOSiSjCVyqKpgjgIZ3,Lina,The Song for My Brother - Orchestra Version,47,275813,False,Crash Landing on You (Original Television Soundtrack),2020-02-16
2020-12-04T13:39:08Z,spotify:track:5OFKWrKbS8iTIGxgjyHDzW,Lina,Coffee (F***ing) (feat. Wale),53,314053,True,Coffee (F***ing) (feat. Wale),2015-05-01
2020-11-30T00:45:20Z,spotify:track:2XIc1pqjXV3Cr2BQUGNBck,Lina,LA NOCHE DE ANOCHE,94,203200,False,EL ÚLTIMO TOUR DEL MUNDO,2020-11-27
2020-11-28T00:15:03Z,spotify:track:4WUnM4KNZ0kjp0CUeoyOnS,Lina,I Swear,68,259853,False,All-4-One,1994-01-01
2020-11-28T00:14:28Z,spotify:track:7MYmo0JJJDmu4MZTSAF9y3,Lina,On Bended Knee,59,329800,False,II,1994-01-01
2020-11-28T00:09:21Z,spotify:track:3kVIFDE3G89I2RPVkiRaRj,Lina,Cupid,63,252266,False,112,1996-08-27
2020-11-28T00:08:49Z,spotify:track:3nXrCAE44KlevAkQB2XWcN,Lina,Gonna Love Me,70,166997,False,K.T.S.E.,2018-06-23
2020-11-28T00:07:23Z,spotify:track:1vbe9sh7U9vdMceAhitWr2,Lina,Can You Stand The Rain,62,297706,False,Heart Break,1988-01-01
2020-11-28T00:06:48Z,spotify:track:4G1qRhOk1YY0kewtMaCrMC,Lina,Rain,64,264506,False,Release Some Tension,1997-07-29
2020-11-28T00:04:30Z,spotify:track:3w8Mw9GHYepoTWOSdiyosj,Lina,Incomplete,62,274226,True,Unleash The Dragon,1999-01-01
2020-11-28T00:04:12Z,spotify:track:4lRrk574qIHpoEEKC1zuam,Lina,At Your Best (You Are Love),65,291400,False,Age Ain't Nothing But A Number,1994-05-22
2020-11-28T00:04:06Z,spotify:track:0W4NhJhcqKCqEP2GIpDCDq,Lina,Love,76,255333,False,The Way It Is,2005-01-01
2020-11-27T23:41:22Z,spotify:track:5u3FywQOPJ5O7ZAjm31cnq,Lina,Right Here - Human Nature Radio Mix,63,226800,False,Right Here,1992
2020-11-23T13:37:21Z,spotify:track:1oOEkBNp4zWnkD7nWjJdog,Lina,Snow On Tha Bluff,70,235480,True,Snow On Tha Bluff,2020-06-16
2020-11-23T11:56:00Z,spotify:track:3MAgQuClHcAV8E9CbeBS6f,Lina,Lotus Flower Bomb (feat. Miguel),73,213253,True,Ambition,2011-10-28
2020-11-22T03:02:33Z,spotify:track:1VbiENVGHwF5Y70Ywotwe1,Lina,Don't Look Back (feat. Kotomi & Ryan Elder) [From Rick and Morty: Season 4],60,207000,False,Don't Look Back (feat. Kotomi & Ryan Elder) [From Rick and Morty: Season 4],2020-06-01
2020-11-05T16:08:46Z,spotify:track:1KOGBw8kuawbxJWqcHypy0,Lina,Death Stranding,55,316214,False,Death Stranding,2019-10-01
2020-11-01T14:01:46Z,spotify:track:0u2P5u6lvoDfwTYjAADbn4,Lina,lovely (with Khalid),89,200185,False,lovely (with Khalid),2018-04-19
2020-11-01T05:46:26Z,spotify:track:0U3u0HdRQjD8mAMYBak4Ok,Lina,Saw You In A Dream,66,208280,False,Saw You In A Dream,2017-06-30
2020-10-03T12:04:07Z,spotify:track:0RWpk45QZEh3l3LcM6TL7q,Lina,사랑합니다...,7,228946,False,영민,2003-03-01
2020-10-02T12:38:42Z,spotify:track:1bSpwPhAxZwlR2enJJsv7U,Lina,No Surprises,31,229120,False,OK Computer,1997-05-28
2020-10-02T12:38:32Z,spotify:track:2MZSXhq4XDJWu6coGoXX1V,Lina,Avril 14th,66,125520,False,Drukqs,2001-10-22
2020-08-24T00:37:24Z,spotify:track:0COiZ7ncho2yi4HotbzgPv,Lina,Motion Picture Soundtrack,15,200482,False,Kid A,2000-10-01
2020-06-17T14:05:43Z,spotify:track:633uP66CxkLqwIWmgUZrl2,Lina,Two Words,45,232160,False,Inspired,2008-07-28
2020-05-26T18:29:55Z,spotify:track:4SFBV7SRNG2e2kyL1F6kjU,Lina,"The Well-Tempered Clavier: Book 1, BWV 846-869: 1. Prelude in C Major, BWV 846",67,139306,False,Piano Book (Deluxe Edition),2019-03-29
2020-05-22T13:43:07Z,spotify:track:0KOE1hat4SIer491XKk4Pa,Lina,A Change Is Gonna Come,70,191160,False,Ain't That Good News,1964-03-01
2020-05-22T13:42:49Z,spotify:track:36AlMHDBFwSsD3FQOy1R81,Lina,Try a Little Tenderness,65,201733,False,Complete & Unbelievable: The Otis Redding Dictionary of Soul,1966-10-15
2020-05-22T13:42:46Z,spotify:track:1aj4GXfmEYXfdVZohCpNKu,Lina,Stand by Me,71,172333,False,Pain in My Heart,1964
2020-05-22T13:42:43Z,spotify:track:3zBhihYUHBmGd2bcQIobrF,Lina,(Sittin' On) the Dock of the Bay,76,163755,False,The Dock of the Bay (Mono),1968
2020-05-22T13:42:28Z,spotify:track:4EUlszQIxlPwiHJ6e6j6Gy,Lina,Never Knew Love Like This Before,61,325173,False,The Best Of Stephanie Mills,1995-01-01
2020-04-29T16:48:16Z,spotify:track:4a6q8CR2hzLk2plDkSxkfD,Lina,I.F.L.Y.,80,165714,True,Soul Searching,2019-08-09
2020-04-29T05:57:50Z,spotify:track:1OQEF0LsL7KMQmBZSiUcdE,Lina,End Summer,57,270837,False,Mt. Bachelor,2020-03-26
2020-03-02T12:54:11Z,spotify:track:11ohYWiNcQLwMRrOo88ikv,Lina,AY AY AY,52,145973,False,AY AY AY,2020-01-22
2020-03-02T12:19:19Z,spotify:track:5oBMyeX0QVZmRNeNyCb1YO,Lina,At Night - Kid Crème Funksta Mix,6,485533,False,Legends of House - Two Decades of House Music History,2018-03-16
2020-02-25T11:03:11Z,spotify:track:1bk1e97WRD93cTjt47VFdz,Lina,Why I Still Love You,31,169053,True,Why I Still Love You,2020-01-17
2020-02-25T11:02:46Z,spotify:track:0UaMYEvWZi0ZqiDOoHU3YI,Lina,Lose Control (feat. Ciara & Fat Man Scoop),68,226863,True,The Cookbook,2005-07-04
2020-02-25T11:02:41Z,spotify:track:3jagJCUbdqhDSPuxP8cAqF,Lina,Work It,72,263226,True,Under Construction,2002-11-11
2020-02-25T11:02:32Z,spotify:track:6zsk6uF3MxfIeHPlubKBvR,Lina,Get Ur Freak On,71,211120,True,Miss E... So Addictive,2001-05-14
2020-02-25T11:01:31Z,spotify:track:6nBQFAIVFmAx2oZ8p6lUg6,Lina,Tempo (feat. Missy Elliott),71,175342,True,Cuz I Love You,2019-04-19
2020-02-25T11:00:20Z,spotify:track:6CbcdeTQKj0qTaZTt0xkdk,Lina,Happy,64,262226,True,Ashanti,2002-01-01
2020-02-25T11:00:11Z,spotify:track:6pWzCKTrKrwbUPzY8RLCoP,Lina,Rock Wit U (Awww Baby),67,209120,False,Chapter II,2003-01-01
2020-02-25T10:58:43Z,spotify:track:6zMUIb4uce1CzpbjR3vMdN,Lina,Foolish,73,227386,True,Ashanti,2002-01-01
2020-02-24T20:49:51Z,spotify:track:0nMy2qZ3UXvV1WCosahGTW,Lina,Into You,52,274386,True,Mr Loverman,2018-06-27
2020-02-24T12:42:07Z,spotify:track:6tDxrq4FxEL2q15y37tXT9,Lina,Dear Mama,74,280000,True,Me Against The World,1995-03-14
2020-02-24T12:42:01Z,spotify:track:6uRH1qMz30ZBwwUG0IYE5s,Lina,Dance With Me,62,231800,False,Part III,2001
2020-02-24T12:35:52Z,spotify:track:2qPx2QWd7vp8XxgeD9Wn5W,Lina,Player's Anthem,46,322226,False,Conspiracy,1995-08-15
2020-02-24T12:27:50Z,spotify:track:6KoaqyDrVtZmlWET7Nf9Ez,Lina,No Diggity,43,272510,False,No Diggity (Cooler Than Now Remix),1996
2020-02-24T12:27:05Z,spotify:track:4AE7Lj39VnSZNOmGH2iZaq,Lina,Do For Love,74,281600,True,R U Still Down? [Remember Me],1997-01-01
2020-02-24T12:17:39Z,spotify:track:7MQywXGHEev7JmwwIzMcao,Lina,Love Like This,67,275706,False,Keep the Faith,1998
2020-02-11T18:03:12Z,spotify:track:0GCr34G7GoGu5eo0VXHoQb,Lina,Lips - Edu Imbernon Remix,2,435967,False,Lips (Edu Imbernon Remix),2017-12-01
2020-02-05T23:21:33Z,spotify:track:1qbXrxctv75pm1lWCn6Zw3,Lina,Walking (feat. Swae Lee & Major Lazer),63,167080,True,Head In The Clouds II,2019-10-11
2020-01-24T05:48:56Z,spotify:track:1WwdJXBxpYiCx16tFaJSuc,Lina,Drifting,14,230211,False,Drifting,2018-06-13
2020-01-23T16:22:10Z,spotify:track:3eNSdI9oriVPpuqkpO4h31,Lina,These Eyes,50,225400,False,The Best Of The Guess Who,1971
2020-01-20T18:26:29Z,spotify:track:73cn6vDBBOS74HXf27l9t4,Lina,Parallel Jalebi,46,233882,False,Beautiful Rewind,2013-10-04
2020-01-14T23:15:34Z,spotify:track:02BwlHD6hUNn3kzySLfqMq,Lina,Ne Me Quitte Pas (Don't Leave Me),47,168746,True,Ne Me Quitte Pas (Don't Leave Me),2020-01-10
2020-01-14T23:13:10Z,spotify:track:3eoNUm0LU9hATVVi9w4fM6,Lina,Lost In Yesterday,0,249586,False,Lost In Yesterday,2020-01-08
2020-01-14T23:12:18Z,spotify:track:50aTwBKhPD3D3BW04UtjmA,Lina,Guilty Conscience,53,213360,False,Guilty Conscience,2020-01-10
2020-01-14T23:06:02Z,spotify:track:3ClBKQkKoaUQ6UOhe2xlJK,Lina,Good News,66,342040,False,Good News,2020-01-09
2020-01-14T23:05:45Z,spotify:track:20MuVazoNMv6xjKPnRFOxG,Lina,WAKE UP,74,231963,True,ASTROWORLD,2018-08-03
2020-01-12T18:14:46Z,spotify:track:2WuzAwiZzest2eONspeXMA,Lina,Just,54,372555,False,Just EP,2015-06-22
2020-01-08T00:54:03Z,spotify:track:6sHsXIJoEN5JpdkGMQDJxt,Lina,The Boy Is Mine,69,294786,False,Never Say Never,1998-05-29
2020-01-08T00:51:09Z,spotify:track:48JAAdtKgOQ4u4QRER6bJX,Lina,Goin' Crazy,52,294093,False,Natalie,2005-01-01
2020-01-08T00:51:03Z,spotify:track:0ncKBXed6bqjse7FZJHydU,Lina,Stay,19,249960,False,Natalie,2005-01-01
2020-01-08T00:49:59Z,spotify:track:5aMY3ni10LaqUldipYyUSd,Lina,Where Are You,50,243333,False,Natalie,2005-01-01
2020-01-08T00:48:18Z,spotify:track:6tBD4yjOf9P8rWwUlXdJFm,Lina,Have You Ever,61,273440,False,Never Say Never,1998-05-29
2019-12-31T20:35:10Z,spotify:track:6LoQHIo74tOzQ8EsLEkhgF,Lina,Come & Get It,71,231986,False,Stars Dance (Bonus Track Version),2013-01-01
2019-12-30T13:37:51Z,spotify:track:1oFiPGBafH9Woo9AMwgBSl,Lina,I'm Every Woman,69,247413,False,Chaka,1978-10-13
2019-12-30T13:21:34Z,spotify:track:56HHp4XoDpUvDVWI6heIfr,Lina,Ten Percent,0,427933,False,Ten Percent,1976
2019-12-28T06:19:07Z,spotify:track:3kOjVFw4sgfAl3BhPBQubG,Lina,Would You,0,153124,False,Volume 1,2018-11-02
2019-12-26T23:50:38Z,spotify:track:70RK8WEbDBmekhXKtqI1Ej,Lina,Robin Hood (Mokita Remix),41,215384,False,Robin Hood (Mokita Remix),2019-06-21
2019-12-26T14:16:17Z,spotify:track:2W8d6AkRCP2qD89z1zK5MJ,Lina,Plans (feat. Vory),52,138390,True,Head In The Clouds,2018-07-20
2019-12-24T03:15:10Z,spotify:track:4BokCZjL92n7h7Q1OaTGPf,Lina,Liar,53,236413,False,Liar,2016-12-16
2019-12-16T04:37:59Z,spotify:track:360FnLgZGXLTy0twHgB2PS,Lina,Stuyvesant Phase,0,273548,False,NYMS1,2019-12-15
2019-12-15T03:07:13Z,spotify:track:174rZBKJAqD10VBnOjlQQ3,Lina,How Do I Breathe,70,216893,False,Go,2007-12-11
2019-12-15T03:02:06Z,spotify:track:1rsjEh7NopIh4Rx67P7ta6,Lina,Long Distance,45,226426,False,Human,2008-12-08
2019-12-15T03:01:51Z,spotify:track:31er9IGsfFbwqy1pH4aiTP,Lina,I Have Nothing,75,289160,False,The Bodyguard - Original Soundtrack Album,1992-11-17
2019-12-15T03:00:50Z,spotify:track:1jisR33Bck5thSyt75iR2c,Lina,Have You Ever? - Radio Edit,38,214573,False,The Best of Brandy,2005-04-05
2019-12-15T02:54:53Z,spotify:track:6nIcGJK6Pj1ThzC6r8O8hA,Lina,Leave (Get Out) - 2018,63,239560,False,JoJo (2018),2018-12-21
2019-12-15T02:54:44Z,spotify:track:7IljDTNkQEyy77CcaRbiAj,Lina,Endless Love (with Mariah Carey),63,259666,False,Songs,1994-09-20
2019-12-15T02:54:36Z,spotify:track:6dZ6qWl1e9GsMndBG7vqB9,Lina,Unfoolish,62,194160,True,Ashanti,2002-01-01
2019-12-15T02:51:31Z,spotify:track:4YZaLNrZgiEztlf4TLMJuD,Lina,Weak - 2018,53,318320,False,JoJo (2018),2018-12-21
2019-12-15T02:50:44Z,spotify:track:3hc7PLcmuZbJGPjhIore1i,Lina,Too Little Too Late - 2018,67,223533,False,The High Road (2018),2018-12-20
2019-12-15T02:50:11Z,spotify:track:7oeAmjYo4MJDklImlVSavw,Lina,Almost,56,221320,False,Between Friends,2006
2019-12-11T00:19:19Z,spotify:track:4ZEfDHV29vbM5conksivxy,Lina,NINANO,37,191122,False,MINZY WORK 01 UNO,2017-04-17
2019-12-11T00:09:26Z,spotify:track:7pueMCX3VIGy3pM83PuCMz,Lina,Shameful 창피해,7,212964,False,Spring,2019-03-13
2019-12-02T10:54:59Z,spotify:track:47TqCCnEliDp8NRDyIQoQq,Lina,You Make Me Wanna...,68,219120,False,My Way,1997-09-16
2019-11-26T20:39:30Z,spotify:track:312WNtMs3F28cUukaPY9bo,Lina,American Teen,71,250746,False,American Teen,2017-04-27
2019-11-25T10:57:05Z,spotify:track:3m2fuTHJMXCnxiIBilSQrE,Lina,JoJo's Bizarre Adventure: Golden Wind: Giorno's Theme: Il Vento D'Oro: Main Theme,51,259777,False,JoJo's Bizarre Adventure: Golden Wind: Giorno's Theme: Il Vento D'Oro: Main Theme,2019-10-18
2019-11-22T17:40:55Z,spotify:track:2pSbGaFMqJFABUnPKhBeP4,Lina,ホログラム (第15〜26話OP),42,250608,False,熱烈!アニソン魂 THE BEST カバー楽曲集 TVアニメシリーズ「鋼の錬金術師FULLMETAL ALCHEMIST」 vol.1 [主題歌OP/ED 編],2015-03-18
2019-11-22T17:24:03Z,spotify:track:1CuefebBgws7i3xpkVPFbw,Lina,Period (第39〜50話OP),28,218267,False,熱烈!アニソン魂 THE BEST カバー楽曲集 TVアニメシリーズ「鋼の錬金術師FULLMETAL ALCHEMIST」 vol.1 [主題歌OP/ED 編],2015-03-18
2019-11-20T15:19:10Z,spotify:track:1i5oEx2vFczQ2sCY3c6Kn5,Lina,Love Hurts,60,233133,False,Hair Of The Dog,1975-01-01
2019-11-11T03:49:14Z,spotify:track:5cQB9fbuQCz4muQUFkv3rR,Lina,Serendipity (Full Length Edition),75,276707,False,Love Yourself 結 'Answer',2018-08-24
2019-11-11T02:17:05Z,spotify:track:07IlTJZln2vfZtJ7vR4IMf,Lina,Adios,60,200500,False,Departure,2019-10-29
2019-11-09T22:35:19Z,spotify:track:5JXiWu9sTkRyOEyC1OQeJM,Lina,It Might Be You,43,260506,False,The Promise,2013-07-30
2019-11-06T22:50:57Z,spotify:track:1ghlpxVfPbFH2jenrv9vVw,Lina,Duel of the Fates,64,254346,False,Star Wars: The Phantom Menace (Original Motion Picture Soundtrack),1999-05-04
2019-11-01T14:17:36Z,spotify:track:3hQ3u1yJvWKCOZzUHVzYxS,Lina,4 Seasons Of Loneliness,0,292400,False,Evolution,1997-03-23
2019-10-29T10:10:49Z,spotify:track:6MlM7j7otOKpa0jFi8htxm,Lina,Everlasting Love,45,288373,False,Ask Rufus,1977-01-01
2019-10-29T10:10:27Z,spotify:track:5spAjqC772iC2KzDvEkmSr,Lina,A Song for You,64,325946,False,Donny Hathaway,1971
2019-10-29T10:09:39Z,spotify:track:2yOm4lN7aTygtXanJFNFWU,Lina,"Any Time, Any Place",60,428200,False,Janet,1993-05-18
2019-10-26T02:19:46Z,spotify:track:6AgDFWLbbAt2migXMbrhXT,Lina,Ready Or Not,55,275826,False,After 7,1989-01-01
2019-10-24T10:10:26Z,spotify:track:5UqivtkoiPTXrJu6GIt1mh,Lina,No Right To Love You - Acoustic,3,229557,False,No Right To Love You (Acoustic),2018-05-18
2019-10-23T11:19:16Z,spotify:track:7aQjPecQdIuNd1sz3KCDhD,Lina,Lovefool,73,193953,False,First Band On The Moon (Remastered),1996-01-01
2019-10-23T11:09:38Z,spotify:track:6a5jHgwqYMk9wlYJYfs3c9,Lina,Can We Talk,65,284586,False,The Best of Tevin Campbell,2001
2019-10-23T11:01:37Z,spotify:track:4L46sysb98XMHmAur6VerM,Lina,His Eye Is On The Sparrow,38,213106,False,Sparkle: Original Motion Picture Soundtrack,2012-07-27
2019-10-23T11:00:16Z,spotify:track:5cJkLR7M84R92ZDH7cHYQS,Lina,I'm Missing U,43,258336,False,What About Bob?,2008
2019-10-23T10:58:09Z,spotify:track:0qKKE7sLRt9jqG0b04w7Es,Lina,No Ordinary Love,52,245400,False,Jennifer Love Hewitt,1996-09-03
2019-10-23T10:52:47Z,spotify:track:3JmUG6cpImbmpU4oIJiCPm,Lina,Moving On,38,264200,False,Toya,2001-07-09
2019-10-23T10:49:56Z,spotify:track:4X0n2CXP1iYeanqncTPSG9,Lina,The Biggest Part of Me,46,273733,False,Superhero,2001-01-01
2019-10-23T10:39:31Z,spotify:track:3333YXdcyths5CB8v28dZj,Lina,Let's Wait Awhile,50,277400,False,Control,1986-02-04
2019-10-23T02:19:31Z,spotify:track:4eO6lK0DFBuVA5hgB2B1uv,Lina,How to Say Goodbye,31,207466,False,Belle,2005-01-01
2019-10-21T13:31:58Z,spotify:track:3YKptz29AsOlm7WAVnztBh,Lina,Kiss from a Rose,74,288426,False,Seal,1994-05-31
2019-10-21T13:31:28Z,spotify:track:6MXeTGKPhVuaifyloxs8tL,Lina,Truly Madly Deeply,30,277266,False,Love Songs,2014-02-10
2019-10-21T13:31:17Z,spotify:track:4WrUZTGFXeZNxpRDKU18Y1,Lina,Because You Loved Me,39,273066,False,Love Songs,2014-02-10
2019-10-21T13:31:08Z,spotify:track:75Zt3w8c8ElZUHgkDanozH,Lina,Time After Time,25,238853,False,Love Songs,2014-02-10
2019-10-21T13:29:53Z,spotify:track:2zItQNJrVrTioXTXWiI2ed,Lina,When Can I See You,56,229600,False,For The Cool In You,1993-08-24
2019-10-21T13:27:58Z,spotify:track:1WtkrKWpfFx75erK1VqtQh,Lina,Tender Love,54,234053,False,Chillin',1985-01-01
2019-10-20T15:46:05Z,spotify:track:1urmwhtXPiakhcqvqUi3rp,Lina,Brown Eyes,62,276093,False,Survivor,2001-05-01
2019-10-20T15:41:59Z,spotify:track:5X8kkUaUlAyAUr9TYqDFTH,Lina,All For You,64,329933,False,All For You,2001-01-01
2019-10-20T14:46:22Z,spotify:track:72T5smavl9ONfOwI0gHf1A,Lina,You're Dead,53,143066,False,Walkin' My Cat Named Dog,1966-04-12
2019-10-19T18:37:59Z,spotify:track:5c6V4X6i91zq3B9adnFjEL,Lina,Here I Go,25,298226,False,Just the Beginning,2012-04-10
2019-10-19T18:37:13Z,spotify:track:3l9OCOG3Vt6c2lxeMyGSIY,Lina,One Last Cry,65,295357,False,Brian McKnight,1992-06-23
2019-10-19T18:37:04Z,spotify:track:7ySbfLwdCwl1EM0zNCJZ38,Lina,One Sweet Day,69,281066,False,Daydream,1995-09-26
2019-10-19T18:36:55Z,spotify:track:5zn1hpm9N0ylKB7kOtpCw2,Lina,No More (Baby I'ma Do Right),58,263440,False,3LW,2000-11-06
2019-10-19T18:36:46Z,spotify:track:28m6MjBq0EAAuBkZcUouQu,Lina,Always On My Mind,33,249760,False,Just the Beginning,2012-04-10
2019-10-19T18:36:13Z,spotify:track:1AM1o0mKbgAK5oMpY8B3Z7,Lina,Angel of Mine,66,250173,False,The Boy Is Mine,1998-07-13
2019-10-19T18:34:49Z,spotify:track:3c6afiysmB7OnxQzzSqRfD,Lina,So Into You,66,261866,False,Tamia,1998
2019-10-19T18:34:42Z,spotify:track:2E9Zp0uxsOmqbmy0C6Fi4N,Lina,Forever - Lady of Soul,44,449800,False,Forever,1998
2019-10-19T18:34:33Z,spotify:track:1RS3LStQYhju50eBdD9Uul,Lina,Thank God I Found You (feat. Joe & 98°),60,257360,False,Rainbow,1999-10-29
2019-10-19T18:29:11Z,spotify:track:6fYzIQu8GcVolShnuIsB4B,Lina,When U Think About Me,24,262666,False,Just the Beginning,2012-04-10
2019-10-17T16:21:30Z,spotify:track:7qEHsqek33rTcFNT9PFqLf,Lina,Someone You Loved,91,182160,False,Divinely Uninspired To A Hellish Extent,2019-05-17
2019-10-16T05:23:46Z,spotify:track:2neMQfiGrFXt2vKgvV8Yid,Lina,Say You'll Stay,35,211333,False,Kai,1998-01-01
2019-10-15T11:19:11Z,spotify:track:71EHOyEOhNx1SzTebRRyng,Lina,Weak,69,291906,False,It's About Time,1992-10-27
2019-10-15T10:30:07Z,spotify:track:4kbz7rHVbyjKasuuqelccQ,Lina,White Flag,59,240040,False,Life For Rent,2003-09-29
2019-10-15T10:29:55Z,spotify:track:4oGTdOClZUxcM2H3UmXlwL,Lina,Ironic,59,225933,False,Jagged Little Pill,1995-06-09
2019-10-15T10:23:50Z,spotify:track:3hYctzBStAGPRvahcZmJJF,Lina,No One Else Comes Close,59,231066,False,All That I Am,1997-09-23
2019-10-15T10:22:55Z,spotify:track:7tjbm60E0t7SerbiG61cce,Lina,Love You Down,55,262291,False,Ready for the World,1999
2019-10-15T10:22:16Z,spotify:track:2N5CvukjQqiWxjzZLMqqBN,Lina,Time After Time,46,255673,False,Ready for the World,1999
2019-10-15T10:03:03Z,spotify:track:2x5qF66rFO6DERBMNkQAqn,Lina,(There's Gotta Be) More To Life,58,200386,False,Stacie Orrico,2003-01-01
2019-10-15T10:01:07Z,spotify:track:4alLyN9my0O1SD9y097cPl,Lina,3 Little Words,34,256306,False,It's On!,1999-11-05
2019-10-15T10:00:39Z,spotify:track:0gPQTLaqHDgdupKEok7J2x,Lina,7 Days,72,235133,False,Born to Do It,2000-08-14
2019-10-15T10:00:22Z,spotify:track:7yxwAEwY9LD120AcB4nGJx,Lina,Don't Love You No More (I'm Sorry),58,243986,False,The Story Goes...,2005-09-06
2019-10-15T10:00:09Z,spotify:track:4T26YGUHTE5LLbb8xnTHPL,Lina,Sorry For The Stupid Things - Main,39,253626,False,Grown & Sexy,2005-07-26
2019-10-15T09:59:34Z,spotify:track:1YqxCr7R5HSOg9s9X137HO,Lina,I Stay In Love,35,212000,False,E=MC²,2008-01-01
2019-10-15T09:47:39Z,spotify:track:7Ewz6bJ97vUqk5HdkvguFQ,Lina,Heaven,78,243360,False,Reckless (30th Anniversary / Deluxe Edition),1984-11-05
2019-10-15T09:44:30Z,spotify:track:63CHa6rmamv9OsehkRD8oz,Lina,Against All Odds (Take a Look at Me Now) - 2016 Remaster,79,206360,False,The Singles (Expanded),2016-10-14
2019-10-14T23:18:14Z,spotify:track:2oCYHHkzCMpVKkfaO07m5v,Lina,(Everything I Do) I Do It For You,59,250360,False,Ultimate,2017-11-03
2019-10-14T23:18:05Z,spotify:track:5TGHpNdHeV5cqsJfkOO4Zd,Lina,Lea,55,269706,False,Fahrenheit,1986-08
2019-10-14T23:15:08Z,spotify:track:7dQC53NiYOY9gKg3Qsu2Bs,Lina,All Out of Love,69,243000,False,Lost in Love,1980-02-25
2019-10-14T18:06:34Z,spotify:track:4fZDZMgyWBxTg2Rc4OHVtB,Lina,Through the Fire,53,286693,False,"Epiphany: The Best of Chaka Khan, Vol. 1",1996-11-08
2019-10-14T10:18:06Z,spotify:track:4c0rkFPszqQTyC753tsCMU,Lina,My Boo - Hitman's Club Mix,64,346840,False,My Boo (Hitman's Club Mix),1996-03-26
2019-10-14T10:17:55Z,spotify:track:32B8AiPUAmlzbS7ayCsMF7,Lina,"Don't Say Goodbye, Say Goodnight",45,290920,False,Binocular,2001-05-22
2019-10-14T10:16:07Z,spotify:track:5919i3Sp9U2IE5m7hhlgSw,Lina,Say It,49,269466,False,Voices Of Theory,1998
2019-10-14T10:12:08Z,spotify:track:5MDQNJ7SZTytJwCbWKqJDL,Lina,I Don't Want to Wait,61,320026,False,This Fire,1996
2019-10-14T10:11:55Z,spotify:track:2ttZiP54qV6URjYIEypEZJ,Lina,Come on over Baby (All I Want Is You) - Radio Version,0,203333,False,Christina Aguilera,1999
2019-10-14T10:11:48Z,spotify:track:4pmc2AxSEq6g7hPVlJCPyP,Lina,"Jumpin', Jumpin'",72,230200,False,The Writing's On The Wall,1999-07-27
2019-10-14T10:11:42Z,spotify:track:0BUoLE4o9eVahDHvTqak67,Lina,Unpretty,64,278066,False,Fanmail,1999-02-23
2019-10-14T10:09:23Z,spotify:track:2aBxt229cbLDOvtL7Xbb9x,Lina,Always Be My Baby,74,258133,False,Daydream,1995-09-26
2019-10-14T10:08:33Z,spotify:track:7vqcDtNvoJn5pXhktc8qe8,Lina,Solitary Daze,56,463405,False,Solitary Daze,2014-12-29
2019-10-14T10:07:47Z,spotify:track:4ApmPo6H0bH7PExQV25LDh,Lina,Ghost Voices - Lane 8 Remix,0,304390,False,Ghost Voices (Lane 8 Remix),2019-02-12
2019-10-14T10:06:49Z,spotify:track:4NjR63Up0uMkQBlKvlZd1l,Lina,Stickwitu,64,207506,False,PCD,2005-01-01
2019-10-14T10:06:20Z,spotify:track:6xkryXuiZU360Lngd4sx13,Lina,Fantasy,74,243493,False,Daydream,1995-09-26
2019-10-14T10:06:05Z,spotify:track:2M2WJ7gBlcKNxdhyfPp9zY,Lina,Best of My Love,69,220560,False,Rejoice,1977-06-10
2019-10-14T10:06:01Z,spotify:track:5lgZax3wvO1oW3Bn0p9veJ,Lina,Every Time,49,257106,False,The Velvet Rope,1997-10-07
2019-10-14T10:05:23Z,spotify:track:0uEp9E98JB5awlA084uaIg,Lina,Doo Wop (That Thing),75,320266,False,The Miseducation of Lauryn Hill,1998-08-25
2019-10-14T10:04:45Z,spotify:track:43zr9kKkeiQrshvYuvNtfM,Lina,Someone To Call My Lover,50,272360,False,All For You,2001-01-01
2019-10-14T09:59:06Z,spotify:track:1GrikfH0jDejDvrxo84n4P,Lina,Together Again,69,301200,False,The Velvet Rope,1997-10-07
2019-10-14T09:58:50Z,spotify:track:3ClOMebBxeNTYCOfTH24YJ,Lina,Le Freak - 2018 Remaster,57,331360,False,The Chic Organization 1977-1979 (2018 Remaster),2018-11-23
2019-10-14T09:57:53Z,spotify:track:4k0bXm9Q4RaTuYi09i4lKK,Lina,Jump (For My Love),55,263440,False,Fire! The Very Best of The Pointer Sisters,1989-09-21
2019-10-14T09:54:52Z,spotify:track:3HszEQiMdPTNcglWcnMGk3,Lina,I Want to Know What Love Is,47,246999,False,California Airport Love,2016-03-23
2019-10-14T09:53:40Z,spotify:track:4jzLgYOoNF9TBU8EItFSFp,Lina,Marry Me Just for Fun,51,275368,False,Galaxy I,2019-08-16
2019-10-12T14:33:31Z,spotify:track:7bvBOzSYbzUMg9ElqkWQiA,Lina,I Like You So Much Better When You`re Naked,36,191760,False,Fortress 'round My Heart (Deluxe Edition),2008
2019-10-12T14:33:30Z,spotify:track:2w6zOxgxy8XZDCPcGtuYQY,Lina,Oh My God,42,198586,False,Fortress 'round My Heart (Deluxe Edition),2008
2019-10-08T20:22:18Z,spotify:track:08Uz2WDG2HpZwCX7qOn7OJ,Lina,You're Not Alone - Solomun Remix,49,503082,False,You're Not Alone (Solomun Remix),2019-01-25
2019-10-08T20:07:14Z,spotify:track:13QBrKQx6FEl03szDe5AOp,Lina,Phases,43,508466,False,Phases,2017-03-08
2019-10-03T17:59:05Z,spotify:track:30QNjcM3Q1GnLFIIJjWQL1,Lina,Places We Won't Walk,65,169410,False,A Song For Every Moon,2017-08-31
2019-09-27T09:32:09Z,spotify:track:1iQDltZqI7BXnHrFy4Qo1k,Lina,Trampoline (with ZAYN),76,184280,False,Trampoline (with ZAYN),2019-09-26
2019-09-21T14:12:26Z,spotify:track:384Kl6cCskuawCZnEPIGrN,Lina,Frustrated - Russ Macklin Remix,0,259701,False,FRUSTRATED (Russ Macklin Remix),2016-09-02
2019-09-18T16:24:26Z,spotify:track:5mCprFWOqe0jB96v9RhLBo,Lina,Tongues,57,234773,False,How Do You Feel Now?,2015-04-14
2019-09-18T16:24:23Z,spotify:track:2vcfImyMOQjYhnKOVkjoIR,Lina,Somebody New,47,206320,False,How Do You Feel Now?,2015-04-14
2019-09-18T15:58:04Z,spotify:track:7i1pavASRUZk62ejaUIESa,Lina,Crying Over You ◐,64,242672,False,Love Me / Love Me Not,2018-08-24
2019-09-13T18:31:48Z,spotify:track:3YO9uV2vhmC9Bnm2zhEkqb,Lina,Don't Disappoint Me,0,220546,False,Maybe I'll Find You Again,2019-03-22
2019-09-13T18:17:37Z,spotify:track:2VUFlOjcXAEuvMOpQ6mz7Y,Lina,Broke,24,260627,False,After All,2017-10-13
2019-09-13T18:14:01Z,spotify:track:0A472qovEW32nP2G0mkJoe,Lina,Don't Cry,55,187106,False,Free Time,2019-09-13
2019-09-06T22:03:26Z,spotify:track:3iGz75NJkqHubYUMRELLyP,Lina,La Cienega,60,192606,False,Head In The Clouds,2018-07-20
2019-09-06T21:53:01Z,spotify:track:3xaugmCyXrVkrDTXbFkMW3,Lina,Sanctuary,73,180018,False,Sanctuary,2019-06-14
2019-09-06T21:50:31Z,spotify:track:0rKtyWc8bvkriBthvHKY8d,Lina,SLOW DANCING IN THE DARK,85,209273,True,BALLADS 1,2018-10-26
2019-09-06T21:48:59Z,spotify:track:6TodWdTSDfzwgYynTZSvJn,Lina,Midsummer Madness,73,280841,True,Head In The Clouds,2018-07-20
2019-09-06T21:44:28Z,spotify:track:50oEtTUNlce4TuZXQoJzXW,Lina,urs,64,156500,True,wanna take this downtown?,2019-05-17
2019-09-06T21:43:18Z,spotify:track:6f7BE3VcZScJx6n3wsf5Z3,Lina,I Like U,69,267732,True,I Like U,2017-09-27
2019-09-06T21:41:49Z,spotify:track:5LWDf5W3yMfEoF4uVdFY9a,Lina,Let Go Today - Stripped,0,172838,True,Let Go Today (Remixes),2019-08-09
2019-09-06T21:41:47Z,spotify:track:48WTGGIeSFD5ZMF51Rm4Y9,Lina,Another Lifetime,62,209466,False,Saturn,2018-10-26
2019-09-06T21:37:29Z,spotify:track:4sGITH0OcJc0otrOVUl7PY,Lina,Boys Should Never Cry,0,116346,True,Boys Should Never Cry,2019-08-09
2019-09-02T00:11:50Z,spotify:track:5vMmRDWrRsogNA6xm916nq,Lina,Stars,32,260264,False,Stars,2017-11-09
2019-08-10T11:40:07Z,spotify:track:2tJhsBdtaaD8SJF6m6xBvX,Lina,The Lights,43,399101,False,The Lights,2019-03-22
2019-08-09T01:18:26Z,spotify:track:2DeV4SryfbbEM1YgedzKP4,Lina,Burns,51,253998,False,All That Must Be,2018-03-09
2019-08-06T10:13:31Z,spotify:track:3sJCADvtbzgKPzEBHhHSLY,Lina,One More Fluorescent Rush,41,387064,False,Whities 013,2017-11-03
2019-08-06T10:09:39Z,spotify:track:2vzg8fnfAk6VESJQQYEc3K,Lina,A Tear in the Heart,8,1150840,False,Flowers of Intelligence,1999-06-30
2019-08-06T10:03:23Z,spotify:track:0eHYHJ7tpSXYvka4zgejeG,Lina,Another Girl,43,402958,False,Another Girl,2011-03-29
2019-08-05T18:00:15Z,spotify:track:4pxNdqnaxVlPWK6p2IuxSa,Lina,Caterpillar,25,402215,False,Caterpillar,2019-04-12
2019-08-05T18:00:09Z,spotify:track:600B699NlvHEKx4Dna8W2o,Lina,Rising Sun,25,416744,False,Rising Sun/Levitate,2019-07-26
2019-08-05T17:51:29Z,spotify:track:3JKLzIREax7TgXqR5OBgw9,Lina,Golden,29,436183,False,Golden,2019-07-05
2019-08-05T17:39:21Z,spotify:track:6TcpM1p0xHy1smBjxEF73s,Lina,Conjure Dreams,51,441090,False,Conjure Infinity,2014-12-29
2019-08-05T17:39:04Z,spotify:track:5DAjrJqXqYtgr67pVhmUeR,Lina,Kerala,60,237546,False,Migration,2017-01-13
2019-08-05T17:31:01Z,spotify:track:6FccezsDrqmJZNrAEM3dGB,Lina,God Only Knows,40,205199,False,God Only Knows,2018-09-07
2019-08-05T17:30:15Z,spotify:track:2BIe0r0ghtyoeinWcBgQky,Lina,When the Lights Are Out,44,444150,False,When the Lights Are Out,2019-05-31
2019-08-05T17:27:42Z,spotify:track:3b9MUQ7uiQHhU420B6f8Ta,Lina,Saw You for the First Time,1,404630,False,Saw You for the First Time,2017-07-28
2019-08-05T17:07:53Z,spotify:track:0LJcP6ApERw0OvosstOdZm,Lina,Who,53,281143,False,Who Else,2019-02-22
2019-08-05T16:56:49Z,spotify:track:3t462saypfWgBlj9cESaQc,Lina,Hang Up Your Hang Ups (The Only One) [feat. Kim English],41,166713,False,Hang Up Your Hang Ups (The Only One) [feat. Kim English],2018-07-13
2019-08-05T06:12:31Z,spotify:track:7krY6FgUUGwTdvhD6kKBf7,Lina,Days Go By - 2019 Mix,54,255606,False,Days Go By,2019-03-15
2019-08-02T14:50:57Z,spotify:track:38mFPR6JTtMywd4feWQJKL,Lina,Perth - Dusky Remix,34,226560,False,Playground Remixes Vol. 1 & 2,2018-07-13
2019-08-01T22:14:03Z,spotify:track:59xYro2oalqGgVkGPjsPvL,Lina,I'll Find You (feat. June),0,241887,False,Reminiscence,2017-06-16
2019-07-30T10:25:50Z,spotify:track:4NA5kgAZbU4E2dj68y77po,Lina,Iron in the Backseat,14,234026,False,"Good Night, Witness Light",2007-03-27
2019-07-29T20:02:04Z,spotify:track:4dF0mDPTlpjThf1mJyK83B,Lina,tokyo,65,208936,False,mono.,2018-10-22
2019-07-29T09:34:51Z,spotify:track:6krNSTegkvGMmdIUOUEQH1,Lina,Undercover,52,183280,True,SweetSexySavage (Deluxe),2017-01-27
2019-07-29T09:34:36Z,spotify:track:39jPNpyS33FFAw6xsFvvmG,Lina,Personal,55,227186,True,SweetSexySavage (Deluxe),2017-01-27
2019-07-29T01:25:28Z,spotify:track:5kYZbBLAGrrhFKNbOs6D95,Lina,How That Taste,43,152595,True,You Should Be Here,2015-04-28
2019-07-29T01:23:54Z,spotify:track:7Cu2COdH93MnuireuKNiS3,Lina,Streetcar,72,246972,False,Pilgrim's Paradise,2015-11-12
2019-07-25T22:36:11Z,spotify:track:0PHwCbA310LLIMcSDpQbgF,Lina,Two Weeks,13,247547,True,LP1,2014-08-12
2019-07-25T22:34:08Z,spotify:track:4tJi4dodnpJ0MSKj2w6OkP,Lina,Contaminated,60,280680,False,III,2019-07-12
2019-07-25T22:33:34Z,spotify:track:1eTL8yocTmire9gpOn2H2g,Lina,Godless,49,190066,False,III,2019-07-12
2019-07-25T22:11:05Z,spotify:track:6IF2P93LkyW4GqDQu1yS7H,Lina,Here with Me,56,238971,False,Here with Me,2014-05-19
2019-07-25T22:09:15Z,spotify:track:5zuLdVw8lWZRp4rYDOO6hE,Lina,"We Could Still Be Happy [From 'One Spring Night' (Original Television Soundtrack), Pt. 4]",44,279260,False,"We Could Still Be Happy [From 'One Spring Night' (Original Television Soundtrack), Pt. 4]",2019-06-19
2019-07-25T22:07:19Z,spotify:track:3DcyZi9DEe9k5BZYwqvb1T,Lina,Stray Italian Greyhound,0,246413,False,Inland Territory,2009-01-01
2019-07-25T21:40:04Z,spotify:track:1TQXIltqoZ5XXyfCbAeSQQ,Lina,Dancing With Your Ghost,81,197732,False,Dancing With Your Ghost,2019-06-28
2019-07-25T21:39:03Z,spotify:track:2is19a6HY7ZdWP654IMhEE,Lina,Break My Heart Again,71,238012,False,Break My Heart Again,2018-02-09
2019-07-25T21:38:00Z,spotify:track:2hSwwIRD8sahfwQGjFdixz,Lina,ARE YOU OK?,62,392696,True,CASE STUDY 01,2019-06-28
2019-07-19T19:38:46Z,spotify:track:1RMJOxR6GRPsBHL8qeC2ux,Lina,Best Part (feat. H.E.R.),79,209831,False,Freudian,2017-08-25
2019-07-19T11:03:24Z,spotify:track:6b2RcmUt1g9N9mQ3CbjX2Y,Lina,How Do You Sleep?,81,202204,False,How Do You Sleep?,2019-07-19
2019-07-19T11:02:59Z,spotify:track:7zFXmv6vqI4qOt4yGf3jYZ,Lina,Get You (feat. Kali Uchis),81,278179,False,Freudian,2017-08-25
2019-07-18T00:07:46Z,spotify:track:2qxmye6gAegTMjLKEBoR3d,Lina,Let Me Down Slowly,85,169353,False,Narrated For You,2018-11-16
2019-07-17T00:46:57Z,spotify:track:6gBFPUFcJLzWGx4lenP6h2,Lina,goosebumps,88,243836,True,Birds In The Trap Sing McKnight,2016-09-16
2019-07-17T00:46:53Z,spotify:track:7lAK3oHbfEnvUQWosrMMpR,Lina,YOSEMITE,77,150043,True,ASTROWORLD,2018-08-03
2019-07-17T00:46:48Z,spotify:track:2xLMifQCjDGFmkHkpNLD9h,Lina,SICKO MODE,87,312820,True,ASTROWORLD,2018-08-03
2019-07-17T00:46:44Z,spotify:track:7DcvwMAiqKJQD1rrdfxSDx,Lina,The London (feat. J. Cole & Travis Scott),75,200106,True,The London (feat. J. Cole & Travis Scott),2019-05-23
2019-07-17T00:44:03Z,spotify:track:78QR3Wp35dqAhFEc2qAGjE,Lina,Drip Too Hard (Lil Baby & Gunna),83,145542,True,Drip Harder,2018-10-05
2019-07-17T00:41:17Z,spotify:track:7KVPsVMOK3NL7subwJ0dZj,Lina,Who You Foolin,72,151539,True,Drip or Drown 2,2019-02-22
2019-07-14T14:46:45Z,spotify:track:2f2NroKTKRzanmFhjFbGLV,Lina,Hold Back Your Love,38,298573,False,Friends,2016-10-07
2019-07-14T14:42:12Z,spotify:track:1l0Wqi6wcuo75Dc0Vi1EQn,Lina,The Spoils,41,345691,False,Spoils Come Near Me,2016-07-29
2019-07-14T14:41:56Z,spotify:track:19mC6xktT1JyyycK6cQaXA,Lina,Star Guitar,54,387173,False,Come With Us,2002-01-01
2019-07-14T14:41:50Z,spotify:track:2acK24b60RQD2zBpW0Zsrw,Lina,Blind - Radio Edit,60,345560,False,Blind,2008-02-29
2019-07-14T14:41:39Z,spotify:track:66tVQAjnbJD0Wgdciwy5JW,Lina,Destination Breakdown,14,464426,False,Mirage,2016-05-13
2019-07-14T14:41:16Z,spotify:track:5KX2DSPC6aCA0pdDidTmBC,Lina,The Rip,47,270946,False,Third,2008-01-01
2019-07-11T08:50:03Z,spotify:track:0KWcRXcnGoB0gWSu4mshF8,Lina,Electric Blue,54,242373,False,Everything Now,2017-07-28
2019-07-11T08:49:54Z,spotify:track:6VNooTY5w9A9wg1YUsEbKB,Lina,Midas,69,218357,False,Portraits,2015-06-01
2019-07-10T21:55:35Z,spotify:track:2k9N4caeCIJLOWwWwssrEM,Lina,Easily,77,210240,False,A Song For Every Moon,2017-08-31
2019-07-10T21:52:02Z,spotify:track:3DNsBFRbQWxygrn4UsqvTF,Lina,Stoop So Low,54,197938,True,Stoop So Low,2016-11-07
2019-07-06T01:34:43Z,spotify:track:2I88NEWpKrAPZuapXNV5G6,Lina,Belong to You (feat. 6LACK),69,185617,False,About Time,2017-10-05
2019-07-06T01:28:29Z,spotify:track:3jCVbYlg9yXcTLEcN7PIL4,Lina,Fool,14,197646,False,Fool,2016-09-20
2019-07-05T13:00:24Z,spotify:track:5XkyZyKMdFungjDb9cUKc3,Lina,A Brand New Day (BTS World Original Soundtrack) [Pt. 2],67,205019,False,A Brand New Day (BTS World Original Soundtrack) [Pt. 2],2019-06-14
2019-07-05T12:59:50Z,spotify:track:4c1WgUnHXq2LEncGHKgj1I,Lina,Dream Glow (BTS World Original Soundtrack) - Pt. 1,68,187457,False,Dream Glow (BTS World Original Soundtrack) [Pt. 1],2019-06-07
2019-07-04T05:24:51Z,spotify:track:18gcopzbu2DjQjR2DI5pE8,Lina,Plastic,57,188557,False,Aromanticism,2017-09-22
2019-07-04T05:24:50Z,spotify:track:6zcARpNpbhakJqS7pcXPfM,Lina,Doomed,53,267653,False,Aromanticism,2017-09-22
2019-07-04T05:20:57Z,spotify:track:6TqXcAFInzjp0bODyvrWEq,Lina,Talk (feat. Disclosure),77,197573,False,Free Spirit,2019-04-05
2019-07-03T13:38:31Z,spotify:track:3NxuezMdSLgt4OwHzBoUhL,Lina,Way Back Home,74,214136,False,Take,2018-06-27
2019-07-01T02:38:03Z,spotify:track:2qXicQG06oT0ijKBznpgQv,Lina,Younger,68,222320,False,Younger,2018-06-05
2019-07-01T02:09:06Z,spotify:track:7vRriwrloYVaoAe3a9wJHe,Lina,"i hate u, i love u (feat. olivia o'brien)",81,251033,True,us,2016-03-25
2019-07-01T02:08:52Z,spotify:track:7FGq80cy8juXBCD2nrqdWU,Lina,Eastside (with Halsey & Khalid),75,170769,False,FRIENDS KEEP SECRETS,2018-12-07
2019-06-26T17:03:34Z,spotify:track:7ef4DlsgrMEH11cDZd32M6,Lina,One Kiss (with Dua Lipa),83,214846,False,One Kiss (with Dua Lipa),2018-04-06
2019-06-12T19:16:53Z,spotify:track:5Ta0BuVhRMSrebPd89wv01,Lina,R U OK?,17,214684,True,R U OK?,2018-11-15
2019-06-12T19:09:59Z,spotify:track:4HwDCXsMBC7SUdp2WT4MZP,Lina,Into It,76,196767,True,Chase Atlantic,2017-10-04
2019-06-12T19:09:29Z,spotify:track:6OtjKr7zn85Krff67wJuxJ,Lina,Coloring,53,219653,False,Mellow Drama,2015-07-04
2019-06-12T19:09:26Z,spotify:track:1Cx0oizrbPnN23acLgyjSR,Lina,Stranglehold,42,201360,False,False Hope,2017-03-02
2019-06-12T19:09:07Z,spotify:track:0CZ8lquoTX2Dkg7Ak2inwA,Lina,1950,78,225133,True,1950,2018-02-23
2019-03-28T16:31:06Z,spotify:track:6N0uDUUQRQd7lIIFU2aaEQ,Lina,Hold Me,35,227234,False,Hold Me,2017-12-27
2019-03-26T20:07:42Z,spotify:track:6EFsue2YbIG4Qkq8Zr9Rir,Lina,With My Words,0,222441,False,With My Words,2018-10-05
2019-03-26T19:58:47Z,spotify:track:79ptYtWnpAnsQutzg2xSFk,Lina,Cave Me In,53,214158,False,Cave Me In,2017-01-26
2019-03-26T19:58:39Z,spotify:track:1N5j9dRZ3foNWwU4Zp0pbq,Lina,Frustrated,0,201463,False,Frustrated,2016-06-03
2019-03-22T19:15:24Z,spotify:track:7yVjKxpZ0FtIr8shugrsv1,Lina,길 Road,45,226040,False,Chapter 4,2001-11-11
2015-08-30T11:51:39Z,spotify:track:5hmO72DpMfddRFBbVdPoEX,Lina,As You Are,0,340493,True,Beauty Behind The Madness,2015-08-28
2015-08-30T11:51:26Z,spotify:track:5fohLPNqO6TqwrZ7BoUWUT,Lina,High For This,71,247226,False,Trilogy,2012-11-13
2015-08-28T21:15:02Z,spotify:track:3TPFIrjJ8fgvGGHMjuy2HP,Lina,Where Are Ü Now (with Justin Bieber) - Ember Island Remix,43,151826,False,Where Are Ü Now (with Justin Bieber) [Remixes],2015-06-16
2015-08-12T01:28:07Z,spotify:track:1zCi4cVFqe6ja16MeGZKRN,Lina,Poetic Justice,55,300160,True,"good kid, m.A.A.d city",2012
2015-08-12T01:28:05Z,spotify:track:1bxEpNR75Hq3T2oF9AZjt8,Lina,u,61,268493,True,To Pimp A Butterfly,2015-03-16
2015-07-11T13:04:59Z,spotify:track:1TSxLktSlIdEsjTGWB4Fub,Lina,It’s Only (feat. Zyra),57,268000,False,In Return,2014-09-08
2015-06-14T22:14:46Z,spotify:track:1YmKdg7Lnuox0gCd93aq0I,Lina,Lifted Up (1985) - Glitter and Strobe Lights in Slo-Mo Version [w/ post edits],26,241373,False,Kindred,2015-04-17
2015-06-14T22:14:33Z,spotify:track:7GyDcM22nxCJHcQa11fbYk,Lina,Where the Sky Hangs,52,230973,False,Kindred,2015-04-17
2015-06-09T16:19:06Z,spotify:track:53iRFWU7bpV3ro3kzZYLCF,Lina,Open Wound,23,219225,False,KITTY HAWK,2013-10-29
2015-06-09T16:05:10Z,spotify:track:44hwFndSJX3t9SiXqwh0Ki,Lina,KITTY HAWK,32,185270,False,KITTY HAWK,2013-10-29
2015-04-27T14:21:16Z,spotify:track:42K3nPa3CNN5WXebzR78bY,Lina,Stranger,21,288106,False,Versus,2010-08-24
2015-03-16T16:11:48Z,spotify:track:6oVPlkdJHXOHXauconNZQX,Lina,After You're Through - Extended Version,10,341613,False,Grits & Soul (Expanded Edition),2014-01-01
2015-03-12T15:37:09Z,spotify:track:05Ez6KwjICkscWQVTsT3f5,Lina,I Will Be Found (Lost At Sea),57,241346,False,Paradise Valley,2013-08-20
2015-02-26T17:02:07Z,spotify:track:2d2SZkpCI2GFchnxTm4l57,Lina,We Ain't Them,0,193071,True,Royal,2013-09-28
2015-02-22T03:39:40Z,spotify:track:3v9fhN8ttoeH9AvpCi3IVM,Lina,Fitzpleasure - Dave Sitek Remix,18,198210,False,Summer Remix EP,2013-11-25
2015-02-21T14:28:20Z,spotify:track:7GhF1JPTWv3kaRJxAVHOFM,Lina,Beer,0,199158,True,Three Loco,2012-11-27
2015-02-17T03:09:46Z,spotify:track:1d6JUM54S33y49mW3C20Sm,Lina,Pompeii,19,202556,False,BOCA 2014: Best Of College A Cappella,2014
2015-02-17T03:03:36Z,spotify:track:3MPuDB7cP8UxDyWRRvex5I,Lina,A Sunday Kind Of Love,0,198546,False,An Education OST,2009-01-01
2015-02-12T15:09:43Z,spotify:track:3qnUqdzB7fjJOKrooVPX4k,Lina,Blank Space,0,240927,False,Blank Space,2014-12-05
2015-02-10T14:29:27Z,spotify:track:35LDid9nvuYrUyZk5qGD0i,Lina,Belief,57,242333,False,Continuum,2006-09-11
2015-02-10T14:29:27Z,spotify:track:1IdTIzkTK6CcpKKgMUGbg7,Lina,Vultures,60,250840,False,Continuum,2006-09-11
2015-02-10T14:29:27Z,spotify:track:2jdAk8ATWIL3dwT47XpRfu,Lina,Slow Dancing in a Burning Room,76,242000,False,Continuum,2006-09-11
2015-02-10T14:29:27Z,spotify:track:0bYDebBlQxsDR4hCgbbpOW,Lina,I'm Gonna Find Another You,56,163026,False,Continuum,2006-09-11
2015-02-10T14:29:27Z,spotify:track:5imShWWzwqfAJ9gXFpGAQh,Lina,Waiting On the World to Change,74,201173,False,Continuum,2006-09-11
2015-02-10T14:29:27Z,spotify:track:7peh6LUcdNPcMdrSH4JPsM,Lina,I Don't Trust Myself (With Loving You),59,292013,False,Continuum,2006-09-11
2015-02-10T14:29:27Z,spotify:track:3SktMqZmo3M9zbB7oKMIF7,Lina,Gravity,75,245826,False,Continuum,2006-09-11
2015-02-10T14:29:27Z,spotify:track:78DwRIo6Vj6wqteyerGetr,Lina,The Heart of Life,65,198200,False,Continuum,2006-09-11
2015-02-10T14:29:27Z,spotify:track:3E6iea9uEmB7gRru4lyP6h,Lina,Stop This Train,67,285053,False,Continuum,2006-09-11
2015-02-10T14:29:27Z,spotify:track:50DMG6AvtNzbrxMc62w6ph,Lina,Bold as Love,55,258160,False,Continuum,2006-09-11
2015-02-10T14:29:27Z,spotify:track:7keXdrB4mz57u4b8YkCwag,Lina,Dreaming with a Broken Heart,65,245746,False,Continuum,2006-09-11
2015-02-10T14:29:27Z,spotify:track:7MRn6wgG0ReDRNYV5wJeGX,Lina,In Repair,54,367813,False,Continuum,2006-09-11
2015-02-08T15:11:42Z,spotify:track:4QfbfUo5nI1rX8nncwLVEE,Lina,Little Of Your Time,0,137066,False,It Won't Be Soon Before Long.,2007
2015-02-08T15:03:41Z,spotify:track:7xlIrLvCs7digqxVI3LKMM,Lina,Must Get Out,47,239440,False,Songs About Jane,2002-06-25
2015-02-08T15:03:11Z,spotify:track:7sT621Iv8V6bMv6Z5B16PO,Lina,Not Coming Home,45,261226,False,Songs About Jane,2002-06-25
2015-02-08T14:42:05Z,spotify:track:2RjpDxBii8EvC6p6wxwCSz,Lina,Harder To Breathe,56,173693,True,Songs About Jane,2002-06-25
2015-02-07T00:46:33Z,spotify:track:0dHF8t7OIhgPele5WRUfWG,Lina,I'm Gonna Be (500 Miles),56,211787,False,"Covers, Vol. 1",2014-05-16
2015-02-07T00:46:29Z,spotify:track:3cBtANnJGopPaRMXCl3mV7,Lina,Every Little Thing She Does Is Magic,58,196806,False,"Covers, Vol. 1",2014-05-16
2015-02-05T16:35:11Z,spotify:track:1650yatyByhD11nXbD8ktd,Lina,Total Eclipse of the Heart,54,244824,False,"Covers, Vol. 1",2014-05-16
2015-02-05T16:35:09Z,spotify:track:4l6jbCPBQSD9z6C5nScjCd,Lina,In the Embers,41,238376,False,Atlas: I,2014-07-08
2015-02-05T16:34:59Z,spotify:track:1qTEnu5RjWOXbyPejfMhVj,Lina,Ruby Blue,44,191118,False,"Covers, Vol. 1",2014-05-16
2015-02-05T16:34:52Z,spotify:track:2XiqsYPmKLqjOigE3HmfXb,Lina,I'll Keep You Safe,48,271199,False,Atlas: I,2014-07-08
2015-02-05T16:34:48Z,spotify:track:5uq3x8Pg8HAj8qNwPFOzfl,Lina,Light,60,262533,False,Atlas: I,2014-07-08
2015-02-04T16:00:07Z,spotify:track:09MdiypXlcb1kohV3cO03p,Lina,I'm Gonna Be (500 Miles),48,212044,False,I'm Gonna Be (500 Miles),2013-05-07
2015-02-04T14:47:49Z,spotify:track:3HYXqOAm2Q8b2OyYqzv8d4,Lina,101,50,203500,False,101,2015-01-19
2015-02-03T15:56:11Z,spotify:track:21Go4aMyLGP40ANI3TU0Fn,Lina,Geronimo,0,218227,False,Geronimo,2014-01-01
2015-02-02T15:21:18Z,spotify:track:4GrOV18KKdZnc3jcfvMDgk,Lina,Leaf Off / The Cave,30,293880,False,Leaf Off / The Cave,2015-01-19
2015-02-02T15:17:55Z,spotify:track:6dfJBFmSX9dRN6FhEtaJd2,Lina,Paper Trail$,0,197604,False,B4.DA.$$,2015-01-20
2015-02-02T15:15:11Z,spotify:track:7vugjA0BxBUIRqrdRjncBx,Lina,Save The Night,43,189293,False,Love In The Future (Expanded Edition),2013-08-30
2015-02-02T15:12:01Z,spotify:track:738J023eio9C4ViccIAQnD,Lina,You & I (Nobody in the World) - R3hab Remix - Radio Edit,36,194746,False,You & I (Nobody in the World) [R3hab Remix - Radio Edit],2014-09-02
2015-02-02T14:54:28Z,spotify:track:2NvJ4gxNHy4irhjWGNOP6k,Lina,A Story of Boy Meets Girl,32,95386,False,(500) Days of Summer (Music from the Motion Picture),2009-07-10
2015-02-02T14:54:28Z,spotify:track:0jHuggE1BEu6e278g8JxbL,Lina,Us - 2005 Remaster,42,288773,False,(500) Days of Summer (Music from the Motion Picture),2009-07-10
2015-02-02T14:54:28Z,spotify:track:0jhukQEMC1yj47NetTlDBJ,Lina,There Is a Light That Never Goes Out,0,242906,False,(500) Days of Summer (Music from the Motion Picture),2009-07-10
2015-02-02T14:54:28Z,spotify:track:16XNMRA2Mu2xsEJtDSVZuy,Lina,Bad Kids,0,128813,False,(500) Days of Summer (Music from the Motion Picture),2009-07-10
2015-02-02T14:54:28Z,spotify:track:6zOcJQreuf9EEbuuxT8aHN,Lina,"Please, Please, Please, Let Me Get What I Want",0,111573,False,(500) Days of Summer (Music from the Motion Picture),2009-07-10
2015-02-02T14:54:28Z,spotify:track:1By97L6ge5FLBMD3PT6jXo,Lina,There Goes The Fear,0,415493,False,(500) Days of Summer (Music from the Motion Picture),2009-07-10
2015-02-02T14:54:28Z,spotify:track:0293bTPojlkLvyr8ojc74y,Lina,You Make My Dreams,0,191480,False,(500) Days of Summer (Music from the Motion Picture),2009-07-10
2015-02-02T14:54:28Z,spotify:track:5nWbbQ0sIEabqPxAdqmh66,Lina,Sweet Disposition,0,234680,False,(500) Days of Summer (Music from the Motion Picture),2009-07-10
2015-02-02T14:54:28Z,spotify:track:56vZZgYpNhIEwEpMkBui46,Lina,Quelqu'un M'a Dit,0,163026,False,(500) Days of Summer (Music from the Motion Picture),2009-07-10
2015-02-02T14:54:28Z,spotify:track:0mqY9ZkUmc5ZH5uRkpqBWO,Lina,Mushaboom,0,224106,False,(500) Days of Summer (Music from the Motion Picture),2009-07-10
2015-02-02T14:54:28Z,spotify:track:1yq1taCTc0NemVQmdDEmlg,Lina,Bookends,0,80866,False,(500) Days of Summer (Music from the Motion Picture),2009-07-10
2015-02-02T14:54:28Z,spotify:track:12OfhDq4NNJnV1LKSRaQOD,Lina,Vagabond,0,227053,False,(500) Days of Summer (Music from the Motion Picture),2009-07-10
2015-02-02T14:54:28Z,spotify:track:4l8JldeQzin1YTymhzsw5T,Lina,She's Got You High,0,205706,False,(500) Days of Summer (Music from the Motion Picture),2009-07-10
2015-02-02T14:54:28Z,spotify:track:3NxJhRiMCo1hyMsnJ9vp06,Lina,Here Comes Your Man,37,193960,False,(500) Days of Summer (Music from the Motion Picture),2009-07-10
2015-02-02T14:54:28Z,spotify:track:3XcYPyuk0BwiB4w6tgKpOC,Lina,"Please, Please, Please, Let Me Get What I Want",41,132493,False,(500) Days of Summer (Music from the Motion Picture),2009-07-10
2015-02-02T14:14:52Z,spotify:track:2uFnBffkiLcEbNHiI3ayBE,Lina,Money On My Mind,0,192670,False,In The Lonely Hour (Deluxe),2014-07-15
2015-02-02T14:14:49Z,spotify:track:6WNqOfvfqmbyCk23ejRBwO,Lina,I'm Not The Only One,0,222329,False,I'm Not The Only One,2014-09-11
2015-02-02T14:11:17Z,spotify:track:6x69yrZAJvsYxhk0CJS4uT,Lina,Lay Me Down,0,229014,False,Lay Me Down,2013-02-17
2015-02-02T14:05:07Z,spotify:track:6o6BDZSsiWPL8e3k2VvetD,Lina,Leave Your Lover,0,188377,False,In The Lonely Hour (Deluxe),2014-07-15
2015-02-02T14:00:48Z,spotify:track:0fioLzGM8ngbD1w6fMmm45,Lina,I'm Not The Only One,5,239316,False,In The Lonely Hour,2014-01-01
2015-01-31T00:17:13Z,spotify:track:0muB5NEjvNpo9MVNVDXbku,Lina,Right By Your Side,0,299533,False,The Awakening,2011-01-01
2015-01-31T00:09:31Z,spotify:track:05ZVTnFGjDTnzQHMxK0Bir,Lina,Please Don't Stop The Rain,51,234266,False,"Songs For You, Truths For Me (International Exclusive Bundle)",2008-01-01
2015-01-31T00:09:12Z,spotify:track:3scVMDajY2Eb3nzyGT7HWC,Lina,Wires,0,193080,False,I'm Sorry...,2012
2015-01-31T00:07:37Z,spotify:track:03XjpGGdsIPouALXem2Cku,Lina,Love Is A Verb,58,144400,False,Born and Raised,2012-05-18
2015-01-30T13:59:24Z,spotify:track:0EUSbTvyZfo9QOcxunL9Ro,Lina,"In Your Atmosphere - Live at the Nokia Theatre, Los Angeles, CA - December 2007",60,345626,False,Where the Light Is: John Mayer Live In Los Angeles,2008
2015-01-30T13:58:32Z,spotify:track:4cFzMdlThB5hkWj9cgsmqL,Lina,Slave To The Music - Acoustic Version Bonus Track,27,215446,False,The Awakening,2011-01-01
2015-01-30T04:56:56Z,spotify:track:21nHVGfxQJQMTOi6Rg35dd,Lina,In My Dreams,44,284924,False,The Awakening,2011-01-01
2015-01-30T04:43:56Z,spotify:track:68ABBreS3qqAFsroDnDVx3,Lina,All Around The World - Bonus Track,29,197582,False,The Awakening,2011-01-01
2015-01-30T03:38:36Z,spotify:track:5DazV5viPRaEq95p6i0Fyg,Lina,Hammers And Hearts,24,175706,False,On The Strength Of All Convinced,2005-08-29
2015-01-28T22:01:58Z,spotify:track:5J4ZkQpzMUFojo1CtAZYpn,Lina,Love Me Harder,77,236133,False,My Everything (Deluxe),2014-08-25
2015-01-28T21:56:42Z,spotify:track:7ALocsnSAmnpZ3Uw9WP1Hz,Lina,At Last,7,116346,False,Rockin Romance,2012-11-08
2015-01-28T21:41:38Z,spotify:track:0CoM8prDI39VQ39dLnBfZx,Lina,Sun,0,197813,False,Punk Goes Acoustic 2,2007
2015-01-28T21:32:24Z,spotify:track:5trvqRdUcKuc0DDgrDksJQ,Lina,Debussie,17,150080,False,On The Strength Of All Convinced,2005-08-29
2015-01-28T21:02:12Z,spotify:track:0HLWvLKQWpFdPhgk6ym58n,Lina,Who Says,67,175480,False,Battle Studies,2009-11-13
2015-01-28T21:01:47Z,spotify:track:6atVS7UZBxoyJkkteM62u5,Lina,Clarity,59,271426,False,Heavier Things,2003-09-09
2015-01-28T20:45:29Z,spotify:track:1ptE7qQ0Bye8udglbz9UmZ,Lina,Clap Your Hands,1,238436,False,We Are Born (ARIA Awards Edition),2010-11-05
2015-01-28T17:39:35Z,spotify:track:5C4MXy953cdZfppoil8X4X,Lina,Tightrope - Live From Spotify NYC,17,220733,False,Spotify Sessions,2012-06-19
2015-01-28T17:25:51Z,spotify:track:46moTNsGydR2SEgHZuRe8R,Lina,Daffodils (feat. Kevin Parker),1,298133,False,Daffodils (feat. Kevin Parker),2014-12-23
2015-01-28T17:24:41Z,spotify:track:3U1TuSqHIubBA10cVP7Sk6,Lina,I Think I'm In Love,74,202666,True,My Garden,2015-01-09
2015-01-28T17:21:33Z,spotify:track:5ufmXqULgMsDIDSkSaXw1E,Lina,Our Own House,0,232226,False,Our Own House,2015-01-13
2015-01-28T17:14:26Z,spotify:track:3OIcwEw520Kp2mpDNFpZuG,Lina,Lord Pretty Flacko Jodye 2 (LPFJ2),22,126200,False,Lord Pretty Flacko Jodye 2 (LPFJ2),2015-01-07
2015-01-28T17:13:07Z,spotify:track:2ZZQWecPCMvtj5M9b3bjys,Lina,begin again,0,217201,False,begin again,2015-01-13
2015-01-26T05:25:23Z,spotify:track:3pcj5YHe8Qx5ZS1O5a9pmJ,Lina,This Boy,32,232146,False,Undiscovered,2006-01-01
2015-01-26T04:24:21Z,spotify:track:08kTO4EW0jb07zNsCNM83w,Lina,Chariot,60,239173,False,Chariot - Stripped,2004-07-26
2015-01-26T04:19:52Z,spotify:track:3zcmWxxUA7Em7X3IBqZGUo,Lina,In Love With a Girl,52,206000,False,Gavin DeGraw,2008-05-06
2015-01-26T04:16:37Z,spotify:track:6j7hih15xG2cdYwIJnQXsq,Lina,Not Over You,71,218520,False,Sweeter,2011-09-16
2015-01-26T04:12:15Z,spotify:track:2U2AVD0mAW5qSqajTMSu9y,Lina,Make a Move,41,197480,False,Make A Move,2013-10-09
2015-01-26T04:04:18Z,spotify:track:2bbhyUWJ5VjdfI3P4PRLu2,Lina,Samson,52,189506,False,Begin to Hope (Special Edition),2006-06-13
2015-01-26T04:01:08Z,spotify:track:341863z079BT4EFPiSw9DP,Lina,The Call,63,187426,False,The Call,2009
2015-01-26T03:57:06Z,spotify:track:7suXfwkW9Cg9fBS3San5T5,Lina,Hero,45,209626,False,(500) Days of Summer (Music from the Motion Picture),2009-07-10
2015-01-26T03:53:13Z,spotify:track:0N9WhEz6DiBDvBxa6uJCTY,Lina,Eet,53,230866,False,Far,2009-06-09
2015-01-26T03:50:12Z,spotify:track:4fQJu2ltQFLQb8D7apKZNA,Lina,Endless Love,40,259000,False,Tuskegee,2012-01-01
2015-01-26T03:49:27Z,spotify:track:4ElMgoPvQeMDrlIl6va7gZ,Lina,Summer Is Over feat. Sara Bareilles,0,300573,False,Promising Promises,2012-05-22
2015-01-26T03:43:58Z,spotify:track:5uNEaSgkkPw6vLCUh3KsdQ,Lina,Beautiful Disaster,53,251640,False,Indiana,2007-01-01
2015-01-26T03:40:55Z,spotify:track:1KGU8NoWemAXIgfFoenfzk,Lina,I'll Follow You,0,273240,False,Promising Promises,2012-05-22
2015-01-26T03:35:03Z,spotify:track:1inLD2gewCeiAjKrE9yzH2,Lina,Doesn't Mean Goodbye,33,227080,False,Holding My Breath,2013-09-24
2015-01-26T03:34:55Z,spotify:track:1Jc3tGa11ITNgph0yewlqn,Lina,War of My Life,50,255120,False,Battle Studies,2009-11-13
2015-01-26T03:27:37Z,spotify:track:4LloVtxNZpeh7q7xdi1DQc,Lina,"Free Fallin' - Live at the Nokia Theatre, Los Angeles, CA - December 2007",75,263573,False,Where the Light Is: John Mayer Live In Los Angeles,2008
2015-01-26T03:14:02Z,spotify:track:7cpCU3Denug5NGZsSpQl8v,Lina,XO,74,213626,False,XO,2014-05-27
2015-01-26T03:13:58Z,spotify:track:4gs07VlJST4bdxGbBsXVue,Lina,Heartbreak Warfare,66,269720,False,Battle Studies,2009-11-13
2015-01-26T03:13:55Z,spotify:track:7hR5toSPEgwFZ78jfHdANM,Lina,Half of My Heart,66,250373,False,Battle Studies,2009-11-13
2015-01-26T02:34:19Z,spotify:track:46X8c9qJzpBLYcos3OX0CE,Lina,The Zone,62,418506,True,Trilogy,2012-11-13
2015-01-26T02:25:54Z,spotify:track:5EpP1lwkAnOAKbfAHUNJkI,Lina,Iron Sky,48,373133,False,Caustic Love,2014-04-14
2015-01-26T02:16:43Z,spotify:track:2Io0MxW6atyfMzXLyCh4aV,Lina,The Only Night,31,217893,False,"Songs For You, Truths For Me (International Exclusive Bundle)",2008-01-01
2015-01-26T02:09:57Z,spotify:track:5rIxo92Hc9q6cgDBV0ju78,Lina,Hard Work,16,271613,False,Hard Work,2015-01-06
2015-01-26T02:05:55Z,spotify:track:2YlZnw2ikdb837oKMKjBkW,Lina,Like I'm Gonna Lose You (feat. John Legend),81,225053,False,Title (Deluxe),2015-01-09
2015-01-26T02:04:22Z,spotify:track:5P7MbXUShunurTTYAjPZjX,Lina,Trustful Hands,40,244921,False,Shake Shook Shaken,2014-09-29
2015-01-23T03:38:13Z,spotify:track:2PIvq1pGrUjY007X5y1UpM,Lina,"Earned It (Fifty Shades Of Grey) - From The ""Fifty Shades Of Grey"" Soundtrack",79,252226,False,"Earned It (Fifty Shades Of Grey) [From The ""Fifty Shades Of Grey"" Soundtrack]",2014-12-23
2015-01-23T03:30:18Z,spotify:track:0PGG2r9vGUgRCkLHW6BdbV,Lina,Blue,27,198530,False,Blue,2014-12-08
2015-01-20T16:14:31Z,spotify:track:3FerxZiiAtj2SHpuHkPNdp,Lina,Falling Short,0,209692,False,Falling Short,2014-12-01
2015-01-20T16:11:56Z,spotify:track:3aWe6p3qrsVjO4HFNih7Vc,Lina,Money Can't Buy (Single),29,201986,False,Money Can't Buy (Single),2014-11-25
2015-01-20T16:01:18Z,spotify:track:6IdQwdngrfUKWmB4ucQ4OD,Lina,Schemin Up (feat. Drake and P. Reign),28,330886,False,Schemin Up (feat. Drake and P. Reign),2014-12-23
2015-01-20T16:01:15Z,spotify:track:5ZwPh4nNgNChn3b5ZAXhzA,Lina,Seasons (Waiting On You) [BADBADNOTGOOD Reinterpretation],6,223088,False,Seasons (Waiting On You) [BADBADNOTGOOD Reinterpretation],2014-12-02
2015-01-20T15:56:01Z,spotify:track:7EW9uZzfHF0akNCtYjkMJ2,Lina,Till I Die,0,213480,True,Till I Die,2015-01-07
